2026/08/24 20:42:28.289, 54, 52.13, 150.00, 0, 0, 3553, 1303, 3615, 3, 16, 0x0000000000000000
2026/08/24 20:42:29.296, 54, 52.16, 150.00, 0, 0, 3553, 1303, 3615, 3, 16, 0x0000000000000000
2026/08/24 20:42:30.303, 54, 52.16, 150.00, 0, 0, 3553, 1303, 3615, 3, 16, 0x0000000000000000
2026/08/24 20:42:31.315, 54, 52.23, 150.00, 0, 0, 3553, 1303, 3615, 3, 16, 0x0000000000000000
2026/08/24 20:42:32.330, 54, 52.23, 150.00, 5, 0, 3743, 1303, 3615, 3, 16, 0x0000000000000000
2026/08/24 20:42:33.344, 54, 52.23, 150.00, 4, 0, 7919, 1303, 3615, 3, 16, 0x0000000000000000
2026/08/24 20:42:34.355, 54, 52.23, 150.00, 4, 0, 7919, 1303, 3615, 3, 16, 0x0000000000000000
2026/08/24 20:42:35.375, 54, 52.13, 150.00, 4, 0, 7919, 1303, 3615, 3, 16, 0x0000000000000000
2026/08/24 20:42:36.393, 55, 52.23, 150.00, 3, 0, 7919, 1303, 3615, 3, 16, 0x0000000000000000
2026/08/24 20:42:37.402, 55, 52.13, 150.00, 4, 0, 7919, 1303, 3615, 3, 16, 0x0000000000000000
2026/08/24 20:42:38.415, 55, 52.23, 150.00, 4, 0, 7919, 1303, 3615, 3, 16, 0x0000000000000000
2026/08/24 20:42:39.432, 55, 52.22, 150.00, 4, 0, 7919, 1303, 3615, 3, 16, 0x0000000000000000
2026/08/24 20:42:40.450, 55, 52.22, 150.00, 4, 0, 7919, 1303, 3615, 3, 16, 0x0000000000000000
2026/08/24 20:42:41.466, 55, 52.23, 150.00, 4, 0, 7919, 1303, 3615, 3, 16, 0x0000000000000000
2026/08/24 20:42:42.470, 55, 52.32, 150.00, 1, 0, 7911, 1303, 3615, 3, 16, 0x0000000000000000
2026/08/24 20:42:43.485, 55, 52.32, 150.00, 9, 0, 8926, 1303, 3615, 3, 16, 0x0000000000000000
2026/08/24 20:42:44.505, 58, 132.23, 150.00, 93, 73, 8958, 1354, 3615, 3, 16, 0x0000000000000000
2026/08/24 20:42:45.520, 58, 140.87, 150.00, 92, 74, 8958, 1404, 3615, 3, 16, 0x0000000000000004
2026/08/24 20:42:46.535, 59, 144.02, 150.00, 92, 74, 8958, 1404, 3615, 3, 16, 0x0000000000000000
2026/08/24 20:42:47.543, 59, 138.43, 150.00, 92, 72, 8958, 1366, 3615, 3, 16, 0x0000000000000000
2026/08/24 20:42:48.550, 60, 142.39, 150.00, 93, 72, 8958, 1379, 3615, 3, 16, 0x0000000000000000
2026/08/24 20:42:49.562, 60, 138.90, 150.00, 93, 72, 8958, 1379, 3615, 3, 16, 0x0000000000000000
2026/08/24 20:42:50.577, 60, 142.91, 150.00, 93, 71, 8958, 1392, 3615, 3, 16, 0x0000000000000004
2026/08/24 20:42:51.601, 61, 144.14, 150.00, 92, 70, 8958, 1379, 3615, 3, 16, 0x0000000000000000
2026/08/24 20:42:52.626, 61, 73.75, 150.00, 93, 71, 8958, 1404, 3615, 3, 16, 0x0000000000000000
2026/08/24 20:42:53.640, 61, 141.91, 150.00, 93, 74, 8958, 1366, 3615, 3, 16, 0x0000000000000000
2026/08/24 20:42:54.651, 61, 138.43, 150.00, 92, 73, 8958, 1366, 3615, 3, 16, 0x0000000000000000
2026/08/24 20:42:55.677, 62, 137.71, 150.00, 92, 71, 8958, 1366, 3615, 3, 16, 0x0000000000000000
2026/08/24 20:42:56.707, 62, 145.74, 150.00, 92, 73, 8958, 1392, 3615, 3, 16, 0x0000000000000000
2026/08/24 20:42:57.742, 62, 145.62, 150.00, 93, 70, 8958, 1366, 3615, 3, 16, 0x0000000000000004
2026/08/24 20:42:58.755, 63, 143.19, 150.00, 93, 72, 8958, 1379, 3615, 3, 16, 0x0000000000000000
2026/08/24 20:42:59.775, 63, 142.29, 150.00, 94, 72, 8958, 1379, 3615, 3, 16, 0x0000000000000004
2026/08/24 20:43:00.787, 63, 149.88, 150.00, 93, 70, 8958, 1379, 3615, 3, 16, 0x0000000000000004
2026/08/24 20:43:01.803, 63, 59.27, 150.00, 72, 58, 8958, 1455, 3615, 3, 16, 0x0000000000000000
2026/08/24 20:43:02.808, 64, 148.90, 150.00, 93, 73, 8958, 1354, 3615, 3, 16, 0x0000000000000000
2026/08/24 20:43:03.836, 64, 137.01, 150.00, 92, 73, 8958, 1366, 3615, 3, 16, 0x0000000000000000
2026/08/24 20:43:04.863, 64, 140.38, 150.00, 92, 74, 8958, 1392, 3615, 3, 16, 0x0000000000000004
2026/08/24 20:43:05.870, 65, 137.19, 150.00, 92, 71, 8958, 1354, 3615, 3, 16, 0x0000000000000004
2026/08/24 20:43:06.885, 65, 140.05, 150.00, 92, 70, 8958, 1354, 3615, 3, 16, 0x0000000000000000
2026/08/24 20:43:07.903, 65, 139.68, 150.00, 93, 71, 8958, 1366, 3615, 3, 16, 0x0000000000000000
2026/08/24 20:43:08.928, 65, 141.96, 150.00, 93, 69, 8958, 1341, 3615, 3, 16, 0x0000000000000000
2026/08/24 20:43:09.960, 66, 138.37, 150.00, 93, 68, 8958, 1341, 3615, 3, 16, 0x0000000000000000
2026/08/24 20:43:10.980, 65, 57.01, 150.00, 93, 71, 8958, 1379, 3615, 3, 16, 0x0000000000000000
2026/08/24 20:43:12.004, 66, 143.30, 150.00, 93, 75, 8958, 1392, 3615, 3, 16, 0x0000000000000000
2026/08/24 20:43:13.026, 66, 134.71, 150.00, 93, 71, 8958, 1328, 3615, 3, 16, 0x0000000000000000
2026/08/24 20:43:14.055, 67, 140.29, 150.00, 92, 71, 8958, 1341, 3615, 3, 16, 0x0000000000000000
2026/08/24 20:43:15.081, 67, 141.09, 150.00, 92, 72, 5415, 1354, 3615, 3, 16, 0x0000000000000000
2026/08/24 20:43:16.095, 67, 140.37, 150.00, 92, 73, 5415, 1379, 3615, 3, 16, 0x0000000000000000
2026/08/24 20:43:17.112, 68, 141.34, 150.00, 93, 73, 5415, 1366, 3615, 3, 16, 0x0000000000000000
2026/08/24 20:43:18.136, 68, 138.93, 150.00, 93, 70, 5415, 1354, 3615, 3, 16, 0x0000000000000000
2026/08/24 20:43:19.171, 68, 148.05, 150.00, 92, 70, 5415, 1366, 3615, 3, 16, 0x0000000000000000
2026/08/24 20:43:20.183, 68, 100.36, 150.00, 73, 60, 5415, 1493, 3615, 3, 16, 0x0000000000000000
2026/08/24 20:43:21.190, 69, 142.17, 150.00, 93, 74, 5415, 1354, 3615, 3, 16, 0x0000000000000000
2026/08/24 20:43:22.213, 69, 141.20, 150.00, 93, 72, 5415, 1341, 3615, 3, 16, 0x0000000000000000
2026/08/24 20:43:23.218, 69, 143.77, 150.00, 92, 73, 5415, 1354, 3615, 3, 16, 0x0000000000000000
2026/08/24 20:43:24.228, 70, 142.00, 150.00, 92, 70, 5415, 1328, 3615, 3, 16, 0x0000000000000000
2026/08/24 20:43:25.244, 70, 144.80, 150.00, 93, 70, 5415, 1341, 3615, 3, 16, 0x0000000000000000
2026/08/24 20:43:26.265, 70, 145.43, 150.00, 93, 71, 5415, 1366, 3615, 3, 16, 0x0000000000000004
2026/08/24 20:43:27.285, 70, 148.06, 150.00, 93, 68, 5415, 1328, 3615, 3, 16, 0x0000000000000000
2026/08/24 20:43:28.299, 71, 133.32, 150.00, 92, 70, 5415, 1366, 3615, 3, 16, 0x0000000000000004
2026/08/24 20:43:29.309, 70, 57.58, 150.00, 32, 24, 5415, 1341, 3615, 3, 16, 0x0000000000000000
2026/08/24 20:43:30.327, 71, 136.12, 150.00, 93, 72, 5415, 1316, 3615, 3, 16, 0x0000000000000000
2026/08/24 20:43:31.353, 71, 136.71, 150.00, 93, 72, 5415, 1341, 3615, 3, 16, 0x0000000000000000
2026/08/24 20:43:32.358, 72, 138.63, 150.00, 92, 71, 5415, 1341, 3615, 3, 16, 0x0000000000000000
2026/08/24 20:43:33.366, 72, 140.55, 150.00, 93, 71, 5415, 1341, 3615, 3, 16, 0x0000000000000004
2026/08/24 20:43:34.384, 72, 142.86, 150.00, 92, 70, 5415, 1328, 3615, 3, 16, 0x0000000000000000
2026/08/24 20:43:35.406, 73, 141.07, 150.00, 94, 72, 5415, 1341, 3615, 3, 16, 0x0000000000000000
2026/08/24 20:43:36.436, 73, 140.38, 150.00, 93, 70, 5415, 1341, 3615, 3, 16, 0x0000000000000004
2026/08/24 20:43:37.471, 73, 144.99, 150.00, 93, 69, 5415, 1316, 3615, 3, 16, 0x0000000000000000
2026/08/24 20:43:38.483, 73, 57.68, 150.00, 94, 70, 5415, 1341, 3615, 3, 16, 0x0000000000000000
2026/08/24 20:43:39.501, 73, 137.61, 150.00, 93, 72, 5415, 1328, 3615, 3, 16, 0x0000000000000000
2026/08/24 20:43:40.505, 74, 138.87, 150.00, 93, 71, 5415, 1303, 3615, 3, 16, 0x0000000000000000
2026/08/24 20:43:41.533, 74, 137.71, 150.00, 92, 71, 5415, 1328, 3615, 3, 16, 0x0000000000000000
2026/08/24 20:43:42.544, 74, 144.67, 150.00, 92, 72, 5415, 1303, 3615, 3, 16, 0x0000000000000000
2026/08/24 20:43:43.564, 75, 140.59, 150.00, 93, 70, 5415, 1341, 3615, 3, 16, 0x0000000000000004
2026/08/24 20:43:44.590, 75, 147.46, 150.00, 93, 70, 5415, 1341, 3615, 3, 16, 0x0000000000000004
2026/08/24 20:43:45.593, 75, 147.52, 150.00, 93, 70, 5415, 1341, 3615, 3, 16, 0x0000000000000000
2026/08/24 20:43:46.603, 75, 140.27, 150.00, 93, 71, 5415, 1341, 3615, 3, 16, 0x0000000000000004
2026/08/24 20:43:47.610, 75, 62.64, 150.00, 74, 61, 5415, 1468, 3615, 3, 16, 0x0000000000000000
2026/08/24 20:43:48.631, 76, 150.00, 150.00, 93, 74, 5415, 1354, 3615, 3, 16, 0x0000000000000004
2026/08/24 20:43:49.662, 76, 135.46, 150.00, 92, 70, 5415, 1303, 3615, 3, 16, 0x0000000000000000
2026/08/24 20:43:50.672, 76, 143.87, 150.00, 93, 71, 5415, 1303, 3615, 3, 16, 0x0000000000000004
2026/08/24 20:43:51.685, 77, 140.61, 150.00, 93, 72, 5415, 1341, 3615, 3, 16, 0x0000000000000004
2026/08/24 20:43:52.708, 77, 143.97, 150.00, 93, 70, 5415, 1303, 3615, 3, 16, 0x0000000000000004
2026/08/24 20:43:53.734, 77, 146.03, 150.00, 93, 70, 5415, 1328, 3615, 3, 16, 0x0000000000000004
2